id;street_address;city;state;zipcode
1;zero;South Gennaro;front-end coherent reboot;USB
2;Product Loan;Dickinsonchester;Account Interface;Australia Hat Group
3;navigating withdrawal multi-tasking;Minaburgh;payment;Liberia Incredible Islands
4;indexing convergence;Lake Arnaldoville;Bacon action-items parsing;Marketing
5;Borders Cotton extensible;Lake Gloriabury;Managed;SCSI
6;PCI Borders administration;East Destinee;SMS azure;pixel repurpose
7;circuit Specialist;Bonitaborough;Virginia;Technician
8;Technician Intranet functionalities;Longmont;FTP Pizza Developer;Gloves Analyst
9;Rica;Port Charlotte;Realigned;indexing strategic Specialist
10;channels;Port Rachaelshire;transmitting Rubber;Israel
